Customer_Id,City,Country,Phone_1,Subscription_Date,Website,Email,First_Name,Last_Name,Phone_2,Index,Company
a940cE42e035F28,East Pennyshire,Portugal,846.468.6834x611,2020-08-21,https://www.murphy.com/,mpham@rios-guzman.com,Lynn,Pham,001-248-691-0006,61,"Brennan, Camacho and Tapia"
283DFCD0Dba40aF,North Kerriton,Ghana,445-603-6729,2022-03-11,http://burgess-frank.com/,bartlettjenna@zuniga-moss.biz,Gloria,Mccall,001-395-959-4736x4524,48,"Brennan, Acosta and Ramos"
6e5ad5a5e2bB5Ca,North Jimstad,Burkina Faso,001-710-802-5565,2021-09-08,http://www.butler.com/,woodwardandres@phelps.com,Bryan,Dunn,078.699.8982x13881,42,Kaufman and Sons
eC1927Ca84E033e,Bryanville,Albania,(429)005-9030x11004,2021-04-06,https://www.ramos.com/,mariah88@santos.com,Shane,Wilcox,541-116-4501,25,Tucker LLC
9F9AdB7B8A6f7F2,East Carly,Malta,423.262.3059,2022-01-12,http://www.roberts.com/,fgibson@drake-webb.com,Maxwell,Frye,202-880-0688x7491,21,Patterson Inc
F4Fc91fEAEad286,North Eileenville,United Arab Emirates,741.849.0139x524,2022-03-10,http://hammond-barron.com/,mccalltyrone@durham-rose.biz,Brady,Cohen,+1-028-691-7497x0894,49,Osborne-Erickson
6fEaA1b7cab7B6C,Burchbury,Singapore,(781)861-7180x8306,2022-01-26,http://stevenson.org/,cassieparrish@blevins-chapman.net,Faith,Lutz,207-185-3665,15,Carter-Hancock
F8Aa9d6DfcBeeF8,Lake Leslie,Mozambique,(701)087-2415,2022-03-26,http://pitts-cherry.com/,jaredjuarez@carroll.org,Greg,Mata,(195)156-1861x26241,18,Valentine LLC
03A1E62ADdeb31c,New Glenda,Fiji,001-439-242-4986x7918,2020-02-18,http://www.watson.com/,maurice46@morgan.com,Corey,Holt,3162708934,85,"Mcdonald, Bird and Ramirez"
679c6c83DD872d6,Cunninghamborough,Denmark,416-338-3758,2022-01-13,http://www.daniels-klein.com/,tapiagreg@beard.info,Tom,Trujillo,(775)890-7209,32,Mcgee Group
D01Af0AF7cBbFeA,Raystad,Solomon Islands,001-469-848-0724x4407,2022-01-15,http://www.johnston.info/,zrosario@rojas-hardin.net,Regina,Stein,001-085-360-4426x00357,75,Guzman-Brown
80F33Fd2AcebF05,Port Sergiofort,Belarus,(530)287-4548x29481,2021-12-02,https://www.burton.com/,bobhammond@barry.biz,Latoya,Mccann,162-234-0249x32790,50,"Hobbs, Garrett and Sanford"
64DCcDFaB9DFd4e,West Samuel,Zimbabwe,965-108-4406x20714,2021-09-15,http://www.hawkins-ramsey.com/,gfigueroa@boone-zavala.com,Jack,Tate,046.906.1442x6784,31,"Acosta, Petersen and Morrow"
e35426EbDEceaFF,South Joannamouth,Togo,001-949-844-8787,2021-12-02,http://www.beck.com/,alex56@walls.org,Tracey,Mata,(855)713-8773,13,Graham-Francis
28CDbC0dFe4b1Db,Ortegaland,Solomon Islands,+1-753-067-8419x7170,2021-09-18,https://www.ross.com/,swagner@kane.org,Fred,Guerra,+1-632-666-7507x92121,98,Schmitt-Jones
421a109cABDf5fa,Hartbury,French Southern Territories,027.846.3705x14184,2021-01-31,http://hunter-esparza.com/,zvalencia@phelps.com,Virginia,Dudley,+1-439-171-1846x4636,69,Warren Ltd
faCEF517ae7D8eB,Cowanfort,Swaziland,322.549.7139x70040,2021-03-08,http://clark.info/,vaughanchristy@lara.biz,Patricia,Goodwin,(111)741-4173,53,"Christian, Winters and Ellis"
efeb73245CDf1fF,Thomasfurt,Yemen,114-854-1159x555,2021-04-15,http://www.duffy-hensley.net/,hilljesse@barrett.info,Vernon,Kane,499-608-4612,89,Carter-Strickland
6F94879bDAfE5a6,Isabelborough,Antigua and Barbuda,+1-539-402-0259,2020-03-25,http://www.lawrence.com/,beckycarr@hogan.com,Roy,Berry,(496)978-3969x58947,3,Murillo-Perry
a014Ec1b9FccC1E,South Sophiaberg,Kiribati,(585)606-2980x2258,2020-08-18,http://odom-massey.com/,nicholsonnina@montgomery.info,Tom,Alvarado,730-797-3594x5614,68,Donaldson-Dougherty
2354a0E336A91A1,Judymouth,Honduras,(753)813-6941,2020-03-11,http://www.hatfield-saunders.net/,colleen91@faulkner.biz,Clarence,Haynes,783.639.1472,100,"Le, Nash and Cross"
C681dDd0cc422f7,Huangfort,Sao Tome and Principe,020.324.2191x2022,2020-12-20,http://www.kidd.com/,kristopher62@oliver.com,Kelli,Hardy,424-157-8216,60,Petty Ltd
C6F2Fc6a7948a4e,Lake Ellenchester,Palestinian Territory,2239271999,2020-05-25,http://may.com/,goodmancesar@figueroa.biz,Ralph,Haas,001-962-434-0867x649,56,Montes PLC
17aD8e2dB3df03D,West John,Poland,001-067-713-6440x158,2021-11-01,http://spence.com/,ann48@miller.com,Sherry,Garza,(978)289-8785x5766,40,Anderson Ltd
B5acdFC982124F2,East Jaredbury,United Arab Emirates,(669)384-8597x8794,2021-03-17,http://www.parsons-hudson.com/,howelldarren@house-cohen.com,Danny,Parrish,506.731.5952x571,58,Novak LLC
D6CEAfb3BDbaa1A,Coreybury,Micronesia,629.198.6346,2021-11-13,https://www.juarez.com/,corey75@wiggins.com,Leslie,Jennings,075.256.0829,81,Blankenship-Arias
E8E7e8Cfe516ef0,East Clinton,Isle of Man,(733)833-6754,2020-12-28,http://walls.info/,isaac26@benton-finley.com,Hunter,Moreno,001-761-013-7121,83,Fitzpatrick-Lawrence
FfaeFFbbbf280db,Lake Sherryborough,Myanmar,5040771311,2020-10-21,https://hurst.com/,katrinalane@fitzgerald.com,Cassidy,Mcmahon,684-682-0021x1326,78,"Mcguire, Huynh and Hopkins"
7Ce381e4Afa4ba9,Port Annatown,Liechtenstein,4077245425,2021-04-24,https://patel-hanson.info/,coleolson@jennings.net,Gabriel,Mejia,646.044.0696x66800,33,Adkins-Salinas
A3F76Be153Df4a3,Skinnerport,Russian Federation,874.617.5668x69878,2020-02-09,http://oconnor.com/,angie04@oconnell.com,Anita,Benson,(399)820-6418x0071,74,Parrish Ltd
A7F85c1DE4dB87f,Thomasland,Iceland,(690)068-4641x51468,2020-09-19,https://mercado-blevins.com/,elizabethbarr@ewing.com,Alejandro,Blair,555.509.8691x2329,80,"Combs, Waller and Durham"
ebe77E5Bf9476CE,Lyonsberg,Maldives,(636)544-7783x7288,2020-07-21,http://murray.org/,kmercer@wagner.com,Duane,Woods,(203)287-1003x5932,87,Montoya-Miller
aA9BAFfBc3710fe,West Marthaburgh,Bahamas,+1-586-217-0359x6317,2021-11-03,https://spencer-charles.info/,willistonya@randolph-baker.com,Faith,Moon,+1-818-199-1403,35,"Waters, Chase and Aguilar"
DD37Cf93aecA6Dc,East Leonard,Chile,229.077.5154,2020-08-24,http://www.stephenson.com/,zunigavanessa@smith.info,Sheryl,Baxter,397.884.0519x718,1,Rasmussen Group
Ebdb6F6F7c90b69,Lake Janiceton,Saint Vincent and the Grenadines,(733)910-9968,2021-09-12,http://www.owens-mooney.com/,chloelester@higgins-wilkinson.com,Kathleen,Mckay,(691)247-4128x0665,82,"Coffey, Lamb and Johnson"
A08A8aF8BE9FaD4,Jodyberg,Sri Lanka,786-284-3358x62152,2021-02-08,https://www.brandt.com/,holdenmiranda@clarke.com,Kristine,Cox,+1-315-627-1796x8074,14,Carpenter-Cook
BE91A0bdcA49Bbc,Daisyborough,Mali,001-084-845-9524x1777,2022-02-17,https://banks.biz/,grayjean@lowery-good.com,Darrell,Douglas,001-769-564-6303,95,"Newton, Petersen and Mathis"
CBCd2Ac8E3eBDF9,Nicolasfort,Iran,078-900-4760x76668,2021-02-20,https://ramsey.org/,lee48@manning.com,Alexandria,Buck,414-112-8700x68751,71,Keller-Coffey
fF1b6c9E8Fbf1ff,Lake Nancy,Lithuania,497.829.9038,2021-04-23,https://www.vang.com/,fisherlinda@schaefer.net,Fernando,Lambert,3863743398,66,Church-Banks
8cad0b4CBceaeec,Desireeshire,Oman,540.085.3135x185,2022-04-12,http://acosta.org/,vduncan@parks-hardy.com,Miranda,Beasley,+1-600-462-6432x21881,16,Singleton and Sons
cb8E23e48d22Eae,East Richard,Guyana,(188)169-1674x58692,2022-01-30,http://hayes-perez.com/,hhart@jensen.com,Karl,Greer,001-841-293-3519x614,96,Carey LLC
7a1Ee69F4fF4B4D,South Walter,Solomon Islands,7208417020,2021-02-24,http://www.lee.org/,tiffanydavies@harris-mcfarland.org,Jordan,Gay,8035336772,38,Glover and Sons
aBdfcF2c50b0bfD,Michealshire,Belarus,(371)987-8576x4720,2022-02-20,https://sanford-wilcox.biz/,stacey67@fields.org,Dakota,Poole,071-152-1376,27,Simmons Group
0e04AFde9f225dE,Kimport,Bulgaria,001-583-352-7197x297,2021-04-12,https://hammond-ramsey.com/,asnow@colon.com,Brett,Mullen,001-333-145-0369,8,"Sanford, Davenport and Giles"
053d585Ab6b3159,West Priscilla,Slovakia (Slovak Republic),001-234-203-0635x76146,2021-04-17,https://goodwin-ingram.com/,colinalvarado@miles.net,Joanna,Bender,001-199-446-3860x3486,5,"Martin, Lang and Andrade"
F560f2d3cDFb618,East Summerstad,Zimbabwe,001-927-965-8550x92406,2020-08-22,https://www.lucero.com/,buckleycory@odonnell.net,Candice,Keller,001-243-038-4271x53076,73,Huynh and Sons
09D7D7C8Fe09aea,Kaitlyntown,Panama,674-677-8623,2022-05-24,https://www.curry.com/,donnamullins@norris-barrett.org,Marcus,Moody,909-277-5485x566,26,Giles Ltd
EA4d384DfDbBf77,Lake Ana,Pitcairn Islands,(496)452-6181x3291,2021-08-24,https://www.le.com/,tgates@cantrell.com,Darren,Peck,+1-247-266-0963x4995,7,"Lester, Woodard and Mitchell"
CC68FD1D3Bbbf22,Erikaville,Canada,6977745822,2020-02-03,http://conway.org/,alex06@galloway.com,Riley,Good,855-436-7641,70,Wade PLC
c8FE57cBBdCDcb2,Lake Whitney,Saint Barthelemy,4500370767,2021-01-25,http://www.bernard.com/,yhanson@warner-diaz.org,Phyllis,Maldonado,001-508-064-6725x017,57,Costa PLC
8C2811a503C7c5a,Elaineberg,Timor-Leste,739.218.2516x459,2021-11-08,https://arias.com/,mdyer@escobar.net,Michelle,Gallagher,001-054-401-0347x617,10,Beck-Hendrix
5Cef8BFA16c5e3c,Bensonview,Dominican Republic,001-808-617-6467x12895,2020-06-02,http://www.good-lyons.com/,stanleyblackwell@benson.org,Linda,Olsen,+1-813-324-8756,4,"Dominguez, Mcmillan and Donovan"
636cBF0835E10ff,Helenborough,Liberia,+1-158-951-4131x53578,2021-01-02,http://mckay.com/,levigiles@vincent.com,Eileen,Lynch,001-673-779-6713x680,65,"Knight, Abbott and Hubbard"
b92EBfdF8a3f0E6,South Marissatown,Switzerland,+1-077-121-1558x0687,2022-05-26,https://callahan.org/,jacobkhan@bright.biz,Frederick,Harper,264.742.7149,28,"Hinton, Chaney and Stokes"
2A13F74EAa7DA6c,Georgeport,New Caledonia,001-215-801-6392x46009,2020-01-20,http://www.velazquez.net/,scottcurtis@hurley.biz,Makayla,Cannon,027-609-6460,67,Henderson Inc
2d08FB17EE273F4,Chavezborough,Bosnia and Herzegovina,(283)437-3886x88321,2020-02-25,http://www.berger.net/,louis27@gilbert.com,Aimee,Downs,999-728-1637,6,Steele Group
CEDec94deE6d69B,East Andrea,Vietnam,(041)737-3846,2020-11-29,http://www.douglas.net/,mark42@robbins.com,Jenna,Dodson,+1-556-888-3485x42608,12,"Hoffman, Reed and Mcclain"
d40e89dCade7b2F,Colinhaven,United States Virgin Islands,+1-768-182-6014x14336,2020-07-11,http://kaiser.info/,shieldskerry@robles.com,Debra,Riddle,(303)961-4491,76,"Chang, Aguirre and Leblanc"
c09952De6Cda8aA,New Deborah,Madagascar,001-622-948-3641x24810,2020-10-15,https://kim.com/,clinton85@colon-arias.org,Stacie,Richard,001-731-168-2893x8891,54,Byrd Inc
F160f5Db3EfE973,Harmonview,South Georgia and the South Sandwich Islands,001-151-330-3524x0469,2020-09-24,https://mcconnell.com/,joseph26@jacobson.com,Clifford,Jacobson,(748)477-7174,19,Simon LLC
Ef859092FbEcC07,New Jasmineshire,Morocco,581-440-6539,2020-02-23,https://www.brooks.com/,aharper@maddox-townsend.org,Richard,Roth,9857827463,72,Conway-Mcbride
FBd0Ded4F02a742,South Alvin,Netherlands,001-274-040-3582x10611,2020-09-15,https://www.reid-potts.com/,blanchardbob@wallace-shannon.com,Kiara,Houston,+1-528-175-0973x4684,22,"Manning, Hester and Arroyo"
37Ec4B395641c1E,North Joeburgh,Namibia,679.415.1210,2021-01-09,http://www.deleon-crosby.com/,tyrone77@valenzuela.info,Lori,Flowers,945-842-3659x4581,90,Decker-Mcknight
D3fC11A9C235Dc6,North Drew,Bulgaria,001-336-025-6849x701,2022-05-15,https://fletcher-nielsen.com/,bstuart@williamson-mcclure.com,Luis,Greer,684.698.2911x6092,44,Cross PLC
EDA69ca7a6e96a2,North Harold,Tanzania,+1-472-143-5037x884,2020-04-26,http://maynard-ho.com/,qjimenez@boyd.com,Kent,Bradshaw,126.922.6153,30,Sawyer PLC
889eCf90f68c5Da,South Hunter,Uruguay,(661)425-6042,2021-08-10,https://www.fleming-richards.com/,fwolfe@dorsey.com,Nicholas,Sosa,975-998-1519,37,Jordan Ltd
aEcbe5365BbC67D,West Kristine,Ethiopia,+1-235-657-1073x6306,2022-03-24,http://cherry.com/,kristiwhitney@bernard.com,Eddie,Jimenez,(026)401-7353x2417,63,Caldwell Group
e898eEB1B9FE22b,South Jasmine,Algeria,802-242-7457,2021-03-27,https://guerrero.org/,xpittman@ritter-carney.net,Samuel,Crawford,626.116.9535x8578,52,"May, Goodwin and Martin"
98b3aeDcC3B9FF3,South Dannymouth,Hungary,+1-822-569-0302,2021-07-06,https://www.holt-sparks.com/,nsteele@sparks.com,Shane,Foley,001-626-114-5844x55073,92,Rocha-Hart
E11dfb2DB8C9f72,East Teresa,Belize,001-276-734-4113x6087,2022-01-04,http://evans-simon.com/,harrisisaiah@jenkins.com,Tammie,Haley,(430)300-8770,36,"Palmer, Barnes and Houston"
E4Bbcd8AD81fC5f,East Cristinabury,Benin,365-273-8144,2020-11-10,http://mason.info/,vcantu@norton.com,Alison,Vargas,053-308-7653x6287,88,"Vaughn, Watts and Leach"
CeD220bdAaCfaDf,New Bradview,Sri Lanka,+1-846-706-2218,2021-07-10,https://novak-allison.com/,vkemp@ferrell.com,Lynn,Atkinson,605.413.3198,97,"Ware, Burns and Oneal"
f3BEf3Be028166f,Wallstown,Ecuador,698.303.4267,2022-01-13,https://www.mora.com/,greenemiranda@zimmerman.com,Robin,West,001-683-837-7651x525,55,"Nixon, Blackwell and Sosa"
C6763c99d0bd16D,North Jillianview,New Zealand,128-059-0206x60217,2022-05-13,http://www.reid.info/,walter83@juarez.org,Emma,Cunningham,(312)164-4545x2284,86,Stephens Inc
7E441b6B228DBcA,East Rebekahborough,Bolivia,(344)156-8632x1869,2020-12-13,https://gillespie-holder.com/,barbarapittman@holder.com,Wayne,Simpson,463-445-3702x38463,43,Perkins-Trevino
9Cf5E6AFE0aeBfd,Port Jasminborough,Togo,423.098.0315x8373,2020-12-10,https://www.ryan.com/,zachary96@mitchell-bryant.org,Shelley,Harris,+1-386-458-8944x15194,62,"Prince, Malone and Pugh"
A09AEc6E3bF70eE,New Kaitlyn,United States of America,6303643286,2021-09-21,http://pham.com/,georgeross@miles.org,Kaitlyn,Santana,447-710-6202x07313,34,Herrera Group
CbAE1d1e9a8dCb1,Port Katherineville,Dominica,007.155.3406x553,2020-06-08,http://www.hebert.com/,cookejill@powell.com,Laurie,Pennington,+1-809-862-5566x277,79,"Sanchez, Marsh and Hale"
1Ef7b82A4CAAD10,East Jimmychester,Djibouti,5153435776,2021-04-23,http://www.hobbs.com/,vmata@colon.com,Preston,Lozano,686-620-1820x944,2,Vega-Gentry
FCBdfCEAe20A8Dc,South Julia,Netherlands,981-544-9452,2022-05-15,https://mitchell.info/,leah85@sutton-terrell.com,Chloe,Hutchinson,+1-288-552-4666x060,64,Simon LLC
Aa20BDe68eAb0e9,New Alberttown,Canada,+1-323-239-1456x96168,2021-03-19,https://valenzuela.com/,uwarner@steele-arias.com,Gerald,Hawkins,(092)508-0269,51,"Phelps, Forbes and Koch"
2f79Cd309624Abb,West Darius,Dominican Republic,830.996.8238,2020-10-10,http://www.dorsey.biz/,tcummings@fitzpatrick-ashley.com,Natalie,Gentry,499.122.5415,41,Monroe PLC
fD780ED8dbEae7B,Gwendolynview,Palau,(897)726-7952,2020-07-01,http://ochoa.com/,juan80@henson.net,Joanne,Montes,(467)886-9467x5721,46,"Price, Sexton and Mcdaniel"
5ef6d3eefdD43bE,Cassidychester,Bhutan,053-344-3205,2020-03-26,https://www.pugh.com/,elliserica@frank.com,Nina,Chavez,+1-330-920-5422x571,91,Byrd-Campbell
aAb6AFc7AfD0fF3,South Lonnie,Anguilla,404-645-5351x012,2021-06-29,http://www.ruiz.com/,dudleyemily@gonzales.biz,Collin,Ayers,001-257-582-8850x8516,93,Lamb-Peterson
300A40d3ce24bBA,Zimmermanland,Uzbekistan,975.235.8921x269,2020-04-23,https://decker-kline.com/,bauercrystal@gay.com,Geoffrey,Guzman,(983)188-6873,47,Short-Wiggins
C2dE4dEEc489ae0,Robersonstad,Cyprus,854-138-4911x5772,2020-01-13,https://www.bullock.net/,mariokhan@ryan-pope.org,Sheryl,Meyers,+1-448-910-2276x729,9,Browning-Simon
0F60FF3DdCd7aB0,Jamesshire,French Polynesia,(266)131-7001x711,2021-09-24,https://www.camacho.net/,tuckerangie@salazar.net,Joanna,Kirk,(283)312-5579x11543,20,Mays-Mccormick
8c7DdF10798bCC3,Selenabury,South Georgia and the South Sandwich Islands,001-171-716-2175x310,2020-11-15,http://hayden.com/,ncamacho@boone-simmons.org,Kathy,Hill,888.625.0654,59,"Moore, Mccoy and Glass"
a5DC21AE3a21eaA,West Adriennestad,Western Sahara,936.222.4746x9924,2021-03-10,http://www.benson-roth.com/,holtgwendolyn@watson-davenport.com,Caroline,Foley,001-469-948-6341x359,17,Winters-Mendoza
2FB0FAA1d429421,Brittanyview,Paraguay,1935085151,2020-08-19,http://paul.biz/,rsingleton@ryan-cherry.com,Colleen,Howard,(947)115-7711x5488,23,Greer and Sons
dca4f1D0A0fc5c9,Poolefurt,Montenegro,559-529-4424,2021-10-22,http://www.farley.org/,preese@frye-vega.com,Bruce,Esparza,001-625-000-7132x0367,39,Huerta-Mclean
BF6a1f9bd1bf8DE,West Reginald,Kyrgyz Republic,(050)136-9025,2021-07-24,http://www.boyle.com/,mchandler@cochran-huerta.org,Brittany,Zuniga,001-480-851-2496x0157,77,Mason-Hester
216E205d6eBb815,Shannonville,Guernsey,637-854-0256x825,2021-10-20,https://simmons-hurley.com/,kirksalas@webb.com,Carl,Schroeder,114.336.0784x788,11,"Oconnell, Meza and Everett"
54B5B5Fe9F1B6C5,Frankchester,Solomon Islands,158-687-1764,2021-04-04,https://travis.net/,alan79@gates-mclaughlin.com,Sherry,Young,(438)375-6207x003,94,"Lee, Lucero and Johnson"
c23d1D9EE8DEB0A,Lake Elijahview,Aruba,(530)311-9786,2021-08-11,http://watkins.info/,mccarthystephen@horn-green.biz,Yvonne,Farmer,001-869-452-0943x12424,99,Fitzgerald-Harrell
3B5dAAFA41AFa22,Acevedoville,Saint Vincent and the Grenadines,(752)776-3286,2020-07-30,https://meyers.com/,wterrell@clark.com,Stefanie,Fitzpatrick,+1-472-021-4814x85074,29,Santana-Duran
30Dfa48fe5Ede78,Lake Lindaburgh,Monaco,(127)081-9339,2021-12-06,http://www.khan.com/,zkrueger@wolf-chavez.net,Rhonda,Frost,+1-431-028-3337x3492,45,"Herrera, Shepherd and Underwood"
78C06E9b6B3DF20,South Joshuashire,Oman,8275702958,2021-11-15,http://www.garner-oliver.com/,justinwalters@jimenez.com,Chad,Davidson,(804)842-4715,84,Garcia-Jimenez
010468dAA11382c,Veronicamouth,Lao People's Democratic Republic,354.259.5062x7538,2020-09-08,https://moreno.biz/,stefanie71@spence.com,Janet,Valenzuela,500.433.2022,24,Watts-Donaldson
